City_ID,City,Country,Lat,Lng,Max Temp,Humidity,Cloudiness,Wind Speed,Current Description
0,Coahuayana,MX,18.7333,-103.6833,75.27,98,100,2.46,overcast clouds
1,Mataura,NZ,-46.1927,168.8643,47.48,45,91,10.07,overcast clouds
2,Ushuaia,AR,-54.8,-68.3,40.66,81,0,3.44,clear sky
3,Ahipara,NZ,-35.1667,173.1667,61.03,85,65,13.18,broken clouds
4,Manjacaze,MZ,-24.7117,33.8828,64.24,97,6,5.12,clear sky
5,Punta Arenas,CL,-53.15,-70.9167,42.91,65,0,9.22,clear sky
6,Atuona,PF,-9.8,-139.0333,77.05,74,35,18.86,light rain
7,Bitkine,TD,11.9801,18.2138,76.86,81,78,7.52,broken clouds
8,Madimba,TZ,-10.4,40.3333,67.98,88,4,3.69,clear sky
9,Busselton,AU,-33.65,115.3333,59.11,48,97,13.06,overcast clouds
10,Qaanaaq,GL,77.484,-69.3632,7.38,74,61,7.4,broken clouds
11,Havoysund,NO,70.9963,24.6622,39.43,74,99,5.61,overcast clouds
12,Yellowknife,CA,62.456,-114.3525,42.57,60,7,11.01,clear sky
13,Vaini,TO,-21.2,-175.2,78.96,78,75,11.5,broken clouds
14,Ribeira Grande,PT,38.5167,-28.7,71.65,87,25,9.86,scattered clouds
15,Beringovskiy,RU,63.05,179.3167,40.33,73,96,14.2,overcast clouds
16,Darhan,MN,49.4867,105.9228,34.95,35,0,6.44,clear sky
17,Altamira,BR,-3.2033,-52.2064,78.75,64,71,0.49,broken clouds
18,Kapaa,US,22.0752,-159.319,80.92,78,75,18.41,broken clouds
19,Ponta Do Sol,PT,32.6667,-17.1,68.72,83,5,3.83,clear sky
20,Rio Gallegos,AR,-51.6226,-69.2181,48.25,61,0,21.85,clear sky
21,San Matias,BO,-16.3667,-58.4,80.2,65,100,3.38,overcast clouds
22,Shingu,JP,33.7333,135.9833,76.44,75,97,5.32,overcast clouds
23,Port Elizabeth,ZA,-33.918,25.5701,61.32,91,1,14.0,clear sky
24,Atar,MR,20.5169,-13.0499,87.91,27,5,5.7,clear sky
25,Kodiak,US,57.79,-152.4072,53.11,66,75,9.22,broken clouds
26,Narsaq,GL,60.9167,-46.05,35.82,65,48,4.45,scattered clouds
27,Hilo,US,19.7297,-155.09,83.93,73,0,6.91,clear sky
28,Kutum,SD,14.2,24.6667,76.91,46,73,7.85,broken clouds
29,Coari,BR,-4.085,-63.1414,73.29,98,85,2.24,overcast clouds
30,Ilulissat,GL,69.2167,-51.1,32.02,86,100,1.14,overcast clouds
31,Bundaberg,AU,-24.85,152.35,75.22,58,64,5.99,broken clouds
32,Jamestown,US,42.097,-79.2353,44.24,62,0,10.36,clear sky
33,Rikitea,PF,-23.1203,-134.9692,75.04,65,53,5.93,broken clouds
34,Kaitangata,NZ,-46.2817,169.8464,51.6,49,57,15.86,broken clouds
35,Hurghada,EG,27.2574,33.8129,83.57,38,0,13.04,clear sky
36,Bredasdorp,ZA,-34.5322,20.0403,53.28,93,100,7.11,overcast clouds
37,Esperance,AU,-33.8667,121.9,55.24,78,95,17.72,overcast clouds
38,Ouadda,CF,8.0777,22.4007,66.42,98,100,0.92,moderate rain
39,Coihaique,CL,-45.5752,-72.0662,51.75,58,0,3.44,clear sky
40,Xilagani,GR,40.9833,25.4167,56.59,49,0,2.82,clear sky
41,New Norfolk,AU,-42.7826,147.0587,59.72,41,100,2.75,overcast clouds
42,Georgetown,MY,5.4112,100.3354,82.33,80,20,3.44,few clouds
43,Avarua,CK,-21.2078,-159.775,77.05,57,75,20.71,broken clouds
44,Opuwo,NA,-18.0607,13.84,70.56,26,0,3.51,clear sky
45,Saldanha,ZA,-33.0117,17.9442,57.09,87,100,3.56,overcast clouds
46,Quelimane,MZ,-17.8786,36.8883,68.43,94,0,2.86,clear sky
47,Bambous Virieux,MU,-20.3428,57.7575,70.21,73,40,10.36,scattered clouds
48,Barrow,US,71.2906,-156.7887,28.42,74,100,11.5,overcast clouds
49,Sao Felix Do Xingu,BR,-6.6447,-51.995,76.01,62,11,1.12,few clouds
50,Kashi,CN,39.4547,75.9797,56.62,27,99,9.57,overcast clouds
51,Hermanus,ZA,-34.4187,19.2345,59.81,83,94,12.19,overcast clouds
52,Cherskiy,RU,68.75,161.3,29.28,86,100,12.55,overcast clouds
53,Camacha,PT,33.0833,-16.3333,63.82,77,20,4.61,few clouds
54,Teahupoo,PF,-17.8333,-149.2667,76.96,72,100,10.74,overcast clouds
55,Puerto Ayora,EC,-0.7393,-90.3518,64.54,94,88,1.99,overcast clouds
56,Mar Del Plata,AR,-38.0023,-57.5575,51.1,80,89,3.0,overcast clouds
57,Khatanga,RU,71.9667,102.5,24.4,96,99,11.56,light snow
58,Manyana,BW,-23.4,21.7167,68.36,19,0,9.71,clear sky
59,Laguna,US,38.421,-121.4238,79.32,54,0,8.05,clear sky
60,Bluff,NZ,-46.6,168.3333,47.8,53,100,20.11,overcast clouds
61,Mount Gambier,AU,-37.8333,140.7667,66.2,53,69,3.42,broken clouds
62,Poum,NC,-20.2333,164.0167,74.77,65,84,13.49,broken clouds
63,Broken Hill,AU,-31.95,141.4333,73.81,25,81,11.07,broken clouds
64,Babat,ID,-7.1128,112.1635,86.58,64,89,6.8,overcast clouds
65,Saskylakh,RU,71.9167,114.0833,25.48,95,99,11.61,overcast clouds
66,Luderitz,NA,-26.6481,15.1594,57.2,77,0,18.01,clear sky
67,Tomatlan,MX,19.9333,-105.25,74.25,94,100,5.3,overcast clouds
68,Cayenne,GF,4.9333,-52.3333,77.04,94,0,0.0,clear sky
69,Cape Town,ZA,-33.9258,18.4232,59.88,84,95,5.01,overcast clouds
70,Gunjur,GM,13.2019,-16.7339,77.07,88,40,0.0,moderate rain
71,Muros,ES,42.7762,-9.0603,57.83,91,100,5.75,overcast clouds
72,Vestmannaeyjar,IS,63.4427,-20.2734,50.05,90,100,16.02,overcast clouds
73,Provideniya,RU,64.3833,-173.3,39.36,87,40,13.42,scattered clouds
74,Constitucion,CL,-35.3333,-72.4167,50.94,91,81,7.07,broken clouds
75,Mokhsogollokh,RU,61.4681,128.9203,29.68,54,100,9.42,overcast clouds
76,Lorengau,PG,-2.0226,147.2712,85.59,66,15,10.67,few clouds
77,Chuy,UY,-33.6971,-53.4616,52.0,93,3,7.87,clear sky
78,Hithadhoo,MV,-0.6,73.0833,81.52,68,89,14.81,overcast clouds
79,Sitka,US,57.0531,-135.33,55.29,67,75,0.0,broken clouds
80,Annamalainagar,IN,11.4,79.7333,79.84,73,100,10.16,overcast clouds
81,Teguldet,RU,57.3064,88.1667,29.91,75,32,1.77,scattered clouds
82,Bowen,AU,-20.0167,148.2333,77.74,68,97,14.85,overcast clouds
83,Atmakur,IN,15.8833,78.5833,75.83,82,100,4.09,overcast clouds
84,Torbay,CA,47.6666,-52.7314,45.27,75,100,12.75,overcast clouds
85,San Patricio,US,28.017,-97.5169,78.84,49,100,5.84,overcast clouds
86,Sabang,ID,5.8933,95.3214,81.99,75,21,20.62,few clouds
87,Castro,BR,-24.7911,-50.0119,57.22,96,8,5.08,clear sky
88,Bella Union,UY,-30.2752,-57.6007,56.59,76,0,7.7,clear sky
89,Port Alfred,ZA,-33.5906,26.891,64.9,86,38,22.79,scattered clouds
90,Svetlaya,RU,46.5389,138.3297,63.39,71,72,13.24,broken clouds
91,Vostok,RU,46.4856,135.8833,65.01,51,92,7.9,overcast clouds
92,Bicaz Chei,RO,46.8167,25.8833,43.39,91,67,5.82,broken clouds
93,Aykhal,RU,66.0,111.5,19.99,93,100,11.52,overcast clouds
94,Tavda,RU,58.0425,65.2726,42.53,51,100,11.5,overcast clouds
95,Novyy Urengoy,RU,66.0833,76.6333,33.93,73,100,14.03,overcast clouds
96,Tevaitoa,PF,-16.7833,-151.5,78.98,72,12,14.14,few clouds
97,Kolvereid,NO,64.8655,11.6047,51.03,84,82,13.98,light rain
98,Gabu,GW,12.2833,-14.2167,75.0,92,100,1.59,overcast clouds
99,Gubkinskiy,RU,64.434,76.5026,33.13,72,100,17.0,overcast clouds
100,Abatskoye,RU,56.2875,70.4555,28.06,76,6,7.9,clear sky
101,Airai,TL,-8.9266,125.4092,70.83,69,99,0.92,overcast clouds
102,Kuznechnoye,RU,61.12,29.8686,43.0,88,98,6.71,overcast clouds
103,Faanui,PF,-16.4833,-151.75,79.0,72,4,13.96,clear sky
104,Tomar,PT,39.602,-8.4092,65.28,33,28,2.82,scattered clouds
105,Sao Filipe,CV,14.8961,-24.4956,77.61,74,67,9.57,broken clouds
106,Rocha,UY,-34.4833,-54.3333,49.17,89,5,7.45,clear sky
107,Paredon,MX,16.0333,-93.8667,79.7,68,20,13.02,few clouds
108,Tochtepec,MX,18.8333,-97.8167,59.18,69,9,6.31,clear sky
109,Severo-Kurilsk,RU,50.6789,156.125,48.94,66,99,12.46,overcast clouds
110,Neuquen,AR,-38.9516,-68.0591,64.29,34,0,13.8,clear sky
111,Santona,ES,43.4439,-3.4576,63.07,85,99,5.44,overcast clouds
112,Albany,US,42.6001,-73.9662,48.58,64,100,5.14,overcast clouds
113,Niquelandia,BR,-14.4739,-48.4597,75.6,70,98,1.45,overcast clouds
114,Hobart,AU,-42.8794,147.3294,60.06,65,75,9.22,broken clouds
115,Mayo,US,38.8876,-76.5119,54.12,92,100,8.01,moderate rain
116,Tiksi,RU,71.6872,128.8694,25.74,89,100,7.81,overcast clouds
117,Tungor,RU,53.3808,142.9564,47.71,70,100,11.12,overcast clouds
118,Bengkulu,ID,-3.8004,102.2655,79.39,80,80,0.63,broken clouds
119,Severobaykalsk,RU,55.65,109.3167,31.05,59,99,3.06,overcast clouds
120,Santa Ana,US,33.7456,-117.8678,77.63,73,0,8.05,clear sky
121,Yerbogachen,RU,61.2767,108.0108,30.51,66,98,6.71,overcast clouds
122,Friedland,DE,51.4167,9.9333,51.48,96,40,4.68,scattered clouds
123,Clyde River,CA,70.4692,-68.5914,25.74,70,97,2.95,overcast clouds
124,Huarmey,PE,-10.0681,-78.1522,62.8,85,65,8.63,broken clouds
125,Honningsvag,NO,70.9821,25.9704,38.95,87,100,0.0,overcast clouds
126,Uruacu,BR,-14.5247,-49.1408,77.81,63,100,2.37,overcast clouds
127,Chiang Klang,TH,19.2938,100.8617,74.32,99,100,0.6,overcast clouds
128,Tuktoyaktuk,CA,69.4541,-133.0374,28.47,75,100,8.5,overcast clouds
129,Sao Joao Da Barra,BR,-21.6403,-41.0511,71.06,89,98,2.46,overcast clouds
130,Parrita,CR,9.5201,-84.3225,78.84,85,100,1.57,overcast clouds
131,Arraial Do Cabo,BR,-22.9661,-42.0278,69.08,90,100,6.49,overcast clouds
132,Saint-Philippe,RE,-21.3585,55.7679,65.21,78,14,8.03,few clouds
133,Morant Bay,JM,17.8815,-76.4093,79.84,82,81,1.97,broken clouds
134,Joshimath,IN,30.5667,79.5667,66.25,52,1,3.74,clear sky
135,Gilleleje,DK,56.122,12.3106,54.99,87,10,19.75,clear sky
136,Roald,NO,62.5833,6.1333,53.17,76,100,18.41,overcast clouds
137,Mandalgovi,MN,45.7625,106.2708,25.11,63,8,7.18,clear sky
138,Hua Hin,TH,12.5707,99.9588,80.89,99,100,5.41,moderate rain
139,Benjamin Hill,MX,30.1667,-111.1,77.4,44,0,5.12,clear sky
140,Port Hardy,CA,50.6996,-127.4199,51.98,100,20,4.61,few clouds
141,Sibu,MY,2.3,111.8167,75.04,97,100,2.08,overcast clouds
142,Hamilton,US,39.1834,-84.5333,59.45,75,0,10.36,clear sky
143,Vangaindrano,MG,-23.35,47.6,63.37,88,0,6.69,clear sky
144,Alta Floresta,BR,-9.8756,-56.0861,79.86,58,85,3.53,overcast clouds
145,Gamba,GA,-2.65,10.0,74.79,90,100,4.16,overcast clouds
146,Saint-Pierre,RE,-21.3393,55.4781,65.28,68,0,6.91,clear sky
147,Cidreira,BR,-30.1811,-50.2056,60.53,88,2,5.64,clear sky
148,Tynda,RU,55.1667,124.7167,27.19,65,98,11.05,overcast clouds
149,Turukhansk,RU,65.8167,87.9833,28.47,93,100,10.6,light snow
150,Repnoye,RU,51.5921,43.1861,63.37,59,100,24.23,overcast clouds
151,Thinadhoo,MV,0.5333,72.9333,82.27,68,99,16.84,overcast clouds
152,Ostrovnoy,RU,68.0531,39.5131,35.31,88,27,11.14,scattered clouds
153,Erenhot,CN,43.6475,111.9767,37.6,36,28,15.82,scattered clouds
154,Panhala,IN,16.8167,74.1167,67.3,93,87,5.01,overcast clouds
155,Narasapur,IN,16.45,81.6667,78.69,81,100,9.19,overcast clouds
156,Zyryanka,RU,65.75,150.85,29.5,68,100,4.14,overcast clouds
157,Tabou,CI,4.423,-7.3528,75.24,92,100,6.58,overcast clouds
158,Srednekolymsk,RU,67.45,153.6833,28.54,66,84,3.31,broken clouds
159,Nago,JP,26.5881,127.9761,85.05,70,6,11.3,clear sky
160,Upernavik,GL,72.7868,-56.1549,20.1,86,57,9.17,broken clouds
161,Mao,ES,39.8885,4.2658,63.16,94,0,4.61,clear sky
162,Souillac,MU,-20.5167,57.5167,70.18,73,40,10.36,scattered clouds
163,Fare,PF,-16.7,-151.0167,78.96,71,3,14.58,clear sky
164,Verkhoyansk,RU,67.5447,133.385,22.17,87,98,3.74,overcast clouds
165,Middelburg,ZA,-25.7751,29.4648,64.35,60,0,5.68,clear sky
166,Chatakonda,IN,17.55,80.65,76.53,84,100,5.1,overcast clouds
167,Port Moresby,PG,-9.4431,147.1797,84.87,68,100,6.87,overcast clouds
168,Plaridel,PH,14.8872,120.8572,79.09,81,100,6.98,moderate rain
169,Chokurdakh,RU,70.6333,147.9167,24.87,63,46,10.11,scattered clouds
170,Daura,NG,11.5538,11.4085,74.34,80,100,11.07,overcast clouds
171,Karratha,AU,-20.7377,116.8463,81.91,38,0,10.36,clear sky
172,Buritis,BR,-15.6178,-46.4233,76.5,64,97,3.04,overcast clouds
173,Iqaluit,CA,63.7506,-68.5145,27.7,79,94,3.58,overcast clouds
174,Anchorage,US,61.2181,-149.9003,49.21,88,100,9.22,overcast clouds
175,Husavik,IS,66.0449,-17.3389,43.54,77,50,11.83,scattered clouds
176,Jardim,BR,-21.4803,-56.1381,69.58,84,46,4.05,scattered clouds
177,Butaritari,KI,3.0707,172.7902,82.76,70,91,16.71,overcast clouds
178,Okato,NZ,-39.2,173.8833,60.51,75,72,15.37,broken clouds
179,La Palma,US,33.8464,-118.0467,76.95,74,0,13.8,clear sky
180,Taoudenni,ML,22.6783,-3.9836,91.31,24,15,11.48,few clouds
181,Haines Junction,CA,60.7522,-137.5108,40.5,94,87,4.76,overcast clouds
182,Lebu,CL,-37.6167,-73.65,50.36,86,100,2.71,overcast clouds
183,Pevek,RU,69.7008,170.3133,30.24,84,100,11.54,overcast clouds
184,Kirakira,SB,-10.4544,161.9205,84.45,72,100,5.95,overcast clouds
185,Caravelas,BR,-17.7125,-39.2481,73.26,93,22,6.98,few clouds
186,Port Macquarie,AU,-31.4333,152.9167,63.9,63,50,7.81,scattered clouds
187,Lokosovo,RU,61.1333,74.8167,31.78,73,100,11.77,overcast clouds
188,Pathein,MM,16.7833,94.7333,81.18,86,40,8.23,scattered clouds
189,Onega,RU,63.9061,38.1404,34.12,89,1,3.11,clear sky
190,Codrington,AU,-38.2667,141.9667,63.28,68,81,3.2,broken clouds
191,Paamiut,GL,61.994,-49.6678,34.68,66,62,6.15,broken clouds
192,Hofn,IS,64.2539,-15.2082,46.04,81,100,0.85,overcast clouds
193,Kibala,TD,9.1104,18.3463,73.11,94,100,3.8,light rain
194,Maple Creek,CA,49.9168,-109.4848,61.43,58,100,6.22,overcast clouds
195,Nikolskoye,RU,59.7035,30.7861,44.49,82,100,10.0,overcast clouds
196,Los Lunas,US,34.8062,-106.7334,73.27,53,90,6.85,overcast clouds
197,Mehamn,NO,71.0357,27.8492,40.95,87,100,3.44,overcast clouds
198,Araouane,ML,18.9048,-3.5265,90.86,32,5,4.5,clear sky
199,Kerchevskiy,RU,59.946,56.2884,48.13,92,100,10.94,overcast clouds
200,Longyearbyen,SJ,78.2186,15.6401,35.44,100,75,0.0,broken clouds
201,Tasiilaq,GL,65.6145,-37.6368,37.56,98,100,12.46,light rain
202,Gryfino,PL,53.2524,14.4883,54.0,82,93,19.19,overcast clouds
203,Puerto Ayacucho,VE,5.6639,-67.6236,74.44,92,88,3.31,overcast clouds
204,Korla,CN,41.7597,86.1469,48.72,22,0,15.14,clear sky
205,Maniwaki,CA,46.3834,-75.966,32.38,93,3,0.0,clear sky
206,Siderno,IT,38.2779,16.302,67.33,74,16,15.39,few clouds
207,Columbus,US,39.9612,-82.9988,54.43,79,0,10.36,clear sky
208,Tessalit,ML,20.1986,1.0114,88.79,24,3,8.21,clear sky
209,Godfrey,US,38.9556,-90.1868,67.08,70,0,0.0,clear sky
210,Stokmarknes,NO,68.5646,14.9108,46.38,93,100,3.44,light rain
211,Pemberton,CA,50.3164,-122.8027,69.98,52,7,1.61,clear sky
212,Saint George,US,37.1041,-113.5841,80.44,51,0,8.05,clear sky
213,Lusambo,CD,-4.9667,23.45,66.4,98,81,2.21,broken clouds
214,Maneadero,MX,31.7167,-116.5667,68.11,80,29,4.0,scattered clouds
215,Hervey Bay,AU,-25.2986,152.8535,73.02,57,15,8.99,few clouds
216,Sorland,NO,67.667,12.6934,51.66,86,100,19.42,overcast clouds
217,Ajdabiya,LY,30.7554,20.2263,71.55,70,0,10.96,clear sky
218,Kenitra,MA,34.261,-6.5802,65.16,55,55,7.09,broken clouds
219,Norman Wells,CA,65.282,-126.8329,35.33,81,100,2.51,overcast clouds
220,Sierpc,PL,52.8568,19.6691,49.95,80,96,18.25,overcast clouds
221,Mersing,MY,2.4312,103.8405,83.3,71,76,1.95,broken clouds
222,Namatanai,PG,-3.6667,152.4333,85.68,66,31,6.71,scattered clouds
223,Salalah,OM,17.0151,54.0924,76.96,85,87,3.47,overcast clouds
224,Carnarvon,AU,-24.8667,113.6333,72.64,43,0,15.57,clear sky
225,Christchurch,NZ,-43.5333,172.6333,57.4,58,40,9.22,scattered clouds
226,Mariental,NA,-24.6333,17.9667,70.16,17,70,10.31,broken clouds
227,Klaksvik,FO,62.2266,-6.589,52.72,89,69,20.74,broken clouds
228,Cabo San Lucas,MX,22.8909,-109.9124,86.31,58,40,6.91,scattered clouds
229,Harlingen,US,26.1906,-97.6961,77.09,83,0,6.91,clear sky
230,Ancud,CL,-41.8697,-73.8203,49.64,75,100,5.19,overcast clouds
231,Bataipora,BR,-22.2953,-53.2711,67.12,93,1,3.44,clear sky
232,Yamada,JP,39.4667,141.95,71.42,69,100,9.26,overcast clouds
233,Doembang Nangbuat,TH,14.8333,100.1,75.78,96,100,0.47,moderate rain
234,Hambantota,LK,6.1241,81.1185,80.91,73,100,23.42,overcast clouds
235,Talcahuano,CL,-36.7167,-73.1167,49.68,87,75,3.44,broken clouds
236,Havelock,US,34.8791,-76.9013,64.94,86,100,8.16,overcast clouds
237,Otradnoye,RU,59.7775,30.8181,44.65,82,100,10.07,overcast clouds
238,Asau,RO,46.4333,26.4,49.28,79,98,6.53,overcast clouds
239,Dubrovka,RU,53.6907,33.5071,46.83,93,100,15.12,overcast clouds
240,Uyemskiy,RU,64.4743,40.8524,28.45,100,20,0.0,few clouds
241,Krasnoselkup,RU,65.7,82.4667,31.8,71,100,14.09,overcast clouds
242,Vanimo,PG,-2.6741,141.3028,86.13,66,49,8.68,scattered clouds
243,Kiama,AU,-34.6833,150.8667,69.39,54,17,7.27,few clouds
244,Meadow Lake,US,34.8014,-106.5436,71.11,53,55,11.77,broken clouds
245,Tautira,PF,-17.7333,-149.15,78.19,71,98,10.87,overcast clouds
246,Nema,RU,57.5067,50.5011,53.35,95,100,10.27,overcast clouds
247,Antofagasta,CL,-23.65,-70.4,58.28,71,42,4.0,scattered clouds
248,Victoria,HK,22.2855,114.1577,88.97,80,43,5.99,scattered clouds
249,Kuminskiy,RU,58.6667,66.5667,40.98,55,100,12.37,overcast clouds
250,Liverpool,GB,53.4106,-2.9779,48.74,91,100,6.91,overcast clouds
251,Arman,RU,59.7,150.1667,39.02,47,98,11.25,overcast clouds
252,Kavarna,BG,43.4333,28.3333,57.58,70,2,8.68,clear sky
253,Amparafaravola,MG,-17.5833,48.2167,50.95,97,2,1.05,clear sky
254,Jinji,CN,23.2281,110.8261,84.54,72,6,4.5,clear sky
255,Grindavik,IS,63.8424,-22.4338,48.15,81,75,20.71,broken clouds
256,Aden,YE,12.7794,45.0367,87.06,71,100,12.3,overcast clouds
257,Bonthe,SL,7.5264,-12.505,75.47,92,100,7.83,overcast clouds
258,Dikson,RU,73.5069,80.5464,31.39,93,100,23.98,overcast clouds
259,Bucerias,MX,20.75,-105.3333,81.99,94,100,2.3,overcast clouds
260,Rajanpur,PK,29.1035,70.325,80.94,56,0,13.47,clear sky
261,Quatre Cocos,MU,-20.2078,57.7625,70.09,69,59,12.46,broken clouds
262,Otofuke,JP,42.9917,143.2003,62.71,79,100,1.9,overcast clouds
263,Lagoa,PT,39.05,-27.9833,70.84,85,92,5.37,overcast clouds
264,Thompson,CA,55.7435,-97.8558,60.06,58,57,11.88,broken clouds
265,Trairi,BR,-3.2778,-39.2689,77.31,79,10,11.72,clear sky
266,Lujan,AR,-34.5703,-59.105,61.83,75,58,1.01,broken clouds
267,Enumclaw,US,47.2043,-121.9915,72.39,66,0,2.77,clear sky
268,Praia,CV,14.9215,-23.5087,79.34,73,75,13.8,broken clouds
269,Koslan,RU,63.4564,48.8989,42.17,97,100,6.71,light rain
270,Mackenzie,CA,55.2999,-123.1698,55.87,55,77,2.13,broken clouds
271,Ketchikan,US,55.3422,-131.6461,52.27,82,0,8.05,clear sky
272,Pandan,PH,14.0453,124.1694,86.4,68,76,7.52,broken clouds
273,Urusha,RU,54.05,122.9,33.62,34,54,11.56,broken clouds
274,Terrace,CA,54.5163,-128.6035,60.71,72,75,10.36,broken clouds
275,Gazanjyk,TM,39.2446,55.5154,53.49,15,2,14.23,clear sky
276,Saint Anthony,US,45.0205,-93.218,66.13,67,75,11.5,broken clouds
277,Maun,BW,-19.9833,23.4167,71.56,30,0,4.61,clear sky
278,Sola,VU,-13.8833,167.55,80.69,75,31,6.42,scattered clouds
279,Bouar,CF,5.934,15.596,63.0,97,100,2.42,light rain
280,Nome,US,64.5011,-165.4064,45.16,65,0,8.05,clear sky
281,Dowa,MW,-13.654,33.9375,61.97,48,0,2.68,clear sky
282,Pedra Azul,BR,-16.0053,-41.2972,66.07,95,11,2.89,few clouds
283,Porto Novo,BJ,6.4965,2.6036,73.62,94,28,3.13,scattered clouds
284,Dakoro,NE,14.5106,6.765,83.91,52,49,12.93,scattered clouds
285,Katsuura,JP,35.1333,140.3,77.67,60,70,7.05,broken clouds
286,Hovd,MN,48.0056,91.6419,26.6,36,1,1.39,clear sky
287,Asekeyevo,RU,53.5742,52.7972,53.38,43,100,14.83,overcast clouds
288,Tiznit,MA,29.5833,-9.5,74.8,30,0,5.35,clear sky
289,Kavieng,PG,-2.5744,150.7967,85.35,67,10,8.77,clear sky
290,Te Anau,NZ,-45.4167,167.7167,47.86,70,74,4.36,broken clouds
291,San Cristobal,VE,7.7669,-72.225,71.78,96,38,2.28,scattered clouds
292,Lompoc,US,34.6391,-120.4579,65.01,84,0,6.91,clear sky
293,Bathsheba,BB,13.2167,-59.5167,79.41,94,40,4.61,scattered clouds
294,Semirom,IR,31.4167,51.5667,50.74,37,0,1.36,clear sky
295,Alexandria,EG,31.2156,29.9553,77.97,68,0,13.6,clear sky
296,Meulaboh,ID,4.1363,96.1285,79.48,78,89,2.91,overcast clouds
297,Egvekinot,RU,66.3167,-179.1667,29.17,71,69,4.29,broken clouds
298,Yerraguntla,IN,14.6372,78.5395,79.02,76,80,5.41,broken clouds
299,Terra Santa,BR,-2.1042,-56.4869,75.56,82,89,1.14,overcast clouds
300,Capitao Poco,BR,-1.7464,-47.0594,72.59,94,42,4.43,light rain
301,Davlekanovo,RU,54.2215,55.0343,51.4,42,100,14.56,overcast clouds
302,Fairbanks,US,64.8378,-147.7164,45.61,84,100,4.61,overcast clouds
303,Bandarbeyla,SO,9.4942,50.8122,77.02,79,90,20.27,overcast clouds
304,Solnechnyy,RU,50.7214,136.6319,44.02,93,100,5.44,moderate rain
305,Guane,CU,22.2025,-84.0875,72.86,80,34,5.46,scattered clouds
306,Naze,JP,28.3667,129.4833,78.89,72,25,12.1,scattered clouds
307,Ingham,US,42.6,-84.3833,50.18,82,0,4.61,clear sky
308,Chumikan,RU,54.7183,135.315,40.24,61,71,19.1,broken clouds
309,Oistins,BB,13.0667,-59.5333,78.89,94,40,4.61,scattered clouds
310,Dingle,PH,10.9995,122.6711,85.68,74,90,7.83,overcast clouds
311,Tura,IN,25.5198,90.2201,73.67,97,99,3.02,heavy intensity rain
312,Aklavik,CA,68.2191,-135.0107,28.36,97,100,4.7,light snow
313,Portland,US,45.5234,-122.6762,81.63,52,0,1.01,clear sky
314,Florianopolis,BR,-27.6146,-48.5012,63.63,69,75,5.75,broken clouds
315,Whittlesea,ZA,-32.1759,26.8244,62.26,25,0,4.94,clear sky
316,Balangiga,PH,11.1097,125.3875,84.67,74,100,8.9,overcast clouds
317,Nhamunda,BR,-2.1861,-56.7131,75.63,84,98,2.06,overcast clouds
318,Ouesso,CG,1.6136,16.0517,69.82,97,100,2.37,overcast clouds
319,Bethel,US,41.3712,-73.414,52.16,57,0,8.05,clear sky
320,Palauig,PH,15.435,119.9045,86.61,61,100,0.83,overcast clouds
321,Rudnya,RU,54.947,31.0934,43.47,95,100,18.66,moderate rain
322,Okhotsk,RU,59.3833,143.3,39.0,64,96,9.93,overcast clouds
323,Invermere,CA,50.5167,-116.0354,60.37,46,0,1.77,clear sky
324,General Roca,AR,-39.0333,-67.5833,59.63,37,100,23.73,overcast clouds
325,Chimoio,MZ,-19.1164,33.4833,58.86,94,0,1.83,clear sky
326,Samarai,PG,-10.6167,150.6667,82.42,78,79,10.02,broken clouds
327,Treia,IT,43.3106,13.3115,63.59,70,1,5.41,clear sky
328,Barra Patuca,HN,15.8,-84.2833,78.78,84,59,10.27,broken clouds
329,Maridi,SS,4.9158,29.4742,65.73,96,100,5.39,light rain
330,Bonavista,CA,48.6499,-53.1147,45.36,66,47,13.96,scattered clouds
331,Port Lincoln,AU,-34.7333,135.8667,63.07,61,100,11.5,overcast clouds
332,Peniche,PT,39.3558,-9.3811,64.11,65,0,7.4,clear sky
333,Deputatskiy,RU,69.3,139.9,12.18,91,96,3.85,overcast clouds
334,Corn Island,NI,12.1694,-83.0418,81.86,79,100,15.66,overcast clouds
335,Faya,SA,18.3851,42.4509,59.11,65,35,1.23,scattered clouds
336,Khammam,IN,17.25,80.15,76.5,86,100,10.16,overcast clouds
337,Sayyan,YE,15.1718,44.3244,57.88,35,31,1.61,scattered clouds
338,Tayu,ID,-6.5397,111.0518,86.56,63,81,6.67,broken clouds
339,Melioratorov,RU,57.2107,65.6077,39.63,48,0,8.95,clear sky
340,Silveira,PT,39.1112,-9.3643,72.68,65,0,4.52,clear sky
341,Ranghulu,CN,46.65,124.8667,44.04,64,100,13.62,moderate rain
342,East London,ZA,-33.0153,27.9116,65.62,90,49,8.19,scattered clouds
343,Libertador General San Martin,AR,-23.8064,-64.7876,68.0,63,82,2.44,broken clouds
344,Sept-Iles,CA,50.2001,-66.3821,42.8,79,10,4.61,clear sky
345,Atambua,ID,-9.1061,124.8925,84.22,63,96,3.89,overcast clouds
346,Awbari,LY,26.5921,12.7805,76.82,52,0,8.9,clear sky
347,Walvis Bay,NA,-22.9575,14.5053,55.09,90,3,7.76,clear sky
348,Locri,IT,38.2414,16.2623,67.32,73,6,15.86,clear sky
349,Ahar,IR,38.4774,47.0699,55.44,50,9,4.5,clear sky
350,Arlit,NE,18.7369,7.3853,89.67,11,0,13.56,clear sky
351,Sangar,RU,63.9242,127.4739,27.19,66,85,9.93,overcast clouds
352,Stornoway,GB,58.2093,-6.3865,54.03,88,100,10.36,overcast clouds
353,Ixtapa,MX,20.7,-105.2,81.23,94,100,2.3,overcast clouds
354,Ola,RU,59.5833,151.2833,39.15,52,97,18.05,overcast clouds
355,Cam Ranh,VN,11.9214,109.1591,84.16,70,40,5.75,scattered clouds
356,Mana,GF,5.6592,-53.7767,78.12,89,99,7.27,overcast clouds
357,Mbandaka,CD,0.0487,18.2603,68.79,97,100,2.84,overcast clouds
358,Aksu,CN,41.1231,80.2644,53.89,25,78,2.8,broken clouds
359,Svetlogorsk,BY,52.6333,29.7333,42.31,94,100,21.59,overcast clouds
360,Dasol,PH,15.9902,119.8828,87.33,59,82,8.95,broken clouds
361,Guerrero Negro,MX,27.9769,-114.0611,68.74,77,0,15.32,clear sky
362,Talnakh,RU,69.4865,88.3972,31.21,94,100,13.06,light snow
363,Wangqing,CN,43.3218,129.7634,61.27,84,100,3.67,overcast clouds
364,Kazachinskoye,RU,57.6953,93.2761,32.56,81,100,4.23,overcast clouds
365,Umm Lajj,SA,25.0213,37.2685,84.09,49,0,5.97,clear sky
366,Jumla,NP,29.2747,82.1838,59.76,72,0,2.24,clear sky
367,Shumskiy,RU,54.8318,99.1328,33.06,67,79,2.75,broken clouds
368,Mahebourg,MU,-20.4081,57.7,70.25,73,40,10.36,scattered clouds
369,Vanino,RU,49.0869,140.2543,65.68,62,100,7.0,overcast clouds
370,Baykit,RU,61.67,96.37,31.24,80,82,4.79,broken clouds
371,Hun,LY,29.1268,15.9477,70.54,83,9,8.68,clear sky
372,Buenaventura,CO,3.8801,-77.0312,76.03,91,99,1.45,overcast clouds
373,Nianzishan,CN,47.5167,122.8833,44.73,35,100,14.38,overcast clouds
374,Taltal,CL,-25.4,-70.4833,59.63,72,6,3.58,clear sky
375,Skibbereen,IE,51.55,-9.2667,59.11,87,99,11.59,overcast clouds
376,Saint-Georges,GD,12.0564,-61.7485,82.08,78,20,0.0,few clouds
377,Mount Isa,AU,-20.7333,139.5,91.17,18,89,9.22,overcast clouds
378,Pisco,PE,-13.7,-76.2167,60.03,88,40,10.36,mist
379,Launceston,AU,-41.45,147.1667,62.62,61,75,8.05,broken clouds
380,Axim,GH,4.8699,-2.2405,74.98,92,99,3.65,overcast clouds
381,Xingcheng,CN,40.6167,120.7167,51.75,73,100,27.49,overcast clouds
382,Olafsvik,IS,64.8945,-23.7142,46.96,82,46,25.46,scattered clouds
383,Tuatapere,NZ,-46.1333,167.6833,50.2,57,81,13.2,broken clouds
384,Limon,CR,10.0,-83.0333,75.06,83,100,1.07,overcast clouds
385,Jalu,LY,29.0331,21.5482,72.54,56,0,14.09,clear sky
386,Dusti,TJ,37.3481,68.664,62.37,27,100,2.73,overcast clouds
387,Nioro,GM,13.35,-15.75,76.06,90,89,1.5,moderate rain
388,Belaya Gora,RU,68.5333,146.4167,26.11,65,84,4.38,broken clouds
389,Tsumeb,NA,-19.2333,17.7167,74.77,17,0,7.65,clear sky
390,Carndonagh,IE,55.25,-7.2667,50.22,89,100,5.23,overcast clouds
391,Peleduy,RU,59.6289,112.7406,32.11,82,100,7.38,light snow
392,Omboue,GA,-1.5746,9.2618,75.09,91,100,4.09,overcast clouds
393,Ambon,ID,-3.6954,128.1814,89.74,66,20,6.91,few clouds
394,Marsh Harbour,BS,26.5412,-77.0636,80.6,75,11,9.44,few clouds
395,Dabakala,CI,8.3667,-4.4333,71.13,98,95,3.27,overcast clouds
396,Hualmay,PE,-11.0964,-77.6139,62.31,83,54,9.26,broken clouds
397,Akdepe,TM,42.0551,59.3788,37.49,33,0,8.99,clear sky
398,Campos Altos,BR,-19.6961,-46.1714,66.96,75,36,2.91,scattered clouds
399,Deoli,IN,25.75,75.3833,76.35,63,0,7.2,clear sky
400,Shimoda,JP,34.6667,138.95,75.56,65,45,8.32,scattered clouds
401,Dothan,US,31.2232,-85.3905,71.47,64,0,4.61,clear sky
402,Burgeo,CA,47.6167,-57.6152,42.6,67,27,12.66,scattered clouds
403,Fortuna,US,40.5982,-124.1573,60.93,81,7,3.0,clear sky
404,Lakatoro,VU,-16.0999,167.4164,83.07,69,33,2.17,scattered clouds
405,Mubi,NG,10.2676,13.2644,70.74,95,80,3.85,broken clouds
406,Inuvik,CA,68.3499,-133.7218,27.46,86,100,6.91,light snow
407,Waddan,LY,29.1614,16.139,70.61,84,12,7.94,few clouds
408,Piazza Armerina,IT,37.3859,14.3672,61.56,62,4,4.76,clear sky
409,Andapa,MG,-14.65,49.65,56.7,95,37,3.04,scattered clouds
410,Bontang,ID,0.1333,117.5,77.38,89,100,7.27,overcast clouds
411,Marsa Matruh,EG,31.3525,27.2453,76.77,60,1,15.86,clear sky
412,Buenos Aires,AR,-34.6132,-58.3772,60.98,81,40,18.41,scattered clouds
413,Taraz,KZ,42.9,71.3667,45.01,42,100,4.47,overcast clouds
414,Minbu,MM,20.1833,94.8833,77.61,90,100,8.03,overcast clouds
415,Vardo,NO,70.3705,31.1107,39.18,93,100,4.61,overcast clouds
416,Belyy Yar,RU,53.6039,91.3903,31.89,77,0,0.0,clear sky
417,Rawson,AR,-43.3002,-65.1023,47.91,65,99,16.82,overcast clouds
418,Pinhao,BR,-25.6956,-51.6597,52.45,94,8,3.67,clear sky
419,Ballina,AU,-28.8667,153.5667,66.02,73,21,10.92,few clouds
420,Vao,NC,-22.6667,167.4833,69.85,75,96,14.65,overcast clouds
421,Killybegs,IE,54.6333,-8.45,52.2,85,100,8.08,overcast clouds
422,Rosita,NI,13.9268,-84.4032,74.39,94,100,3.11,overcast clouds
423,Chapleau,CA,47.8405,-83.4034,41.77,59,100,4.88,overcast clouds
424,Bairiki,KI,1.3292,172.9752,87.8,62,20,14.97,few clouds
425,Xai-Xai,MZ,-25.0519,33.6442,66.88,94,0,6.64,clear sky
426,Punta Alta,AR,-38.8759,-62.0736,48.69,71,100,16.62,overcast clouds
427,Olinda,BR,-8.0089,-34.8553,78.53,65,20,5.75,few clouds
428,La Ronge,CA,55.1001,-105.2842,64.62,59,0,6.91,clear sky
429,Skjervoy,NO,70.0311,20.9714,44.89,65,12,2.19,few clouds
430,Vila Velha,BR,-20.3297,-40.2925,75.15,89,75,4.61,broken clouds
431,Broome,US,42.2506,-75.833,49.66,82,0,5.75,clear sky
432,Lieksa,FI,63.3167,30.0167,44.37,89,100,1.36,overcast clouds
433,Oranjemund,NA,-28.55,16.4333,55.99,95,9,8.88,clear sky
434,Bikin,RU,46.8161,134.26,63.37,74,99,11.61,light rain
435,Borba,BR,-4.3878,-59.5939,75.22,81,71,0.83,broken clouds
436,Bemidji,US,47.4736,-94.8803,60.57,94,100,0.0,overcast clouds
437,Nanortalik,GL,60.1432,-45.2371,36.63,82,13,11.52,few clouds
438,Thanh Hoa,VN,19.8,105.7667,80.22,83,33,5.3,scattered clouds
439,Yar-Sale,RU,66.8333,70.8333,36.09,81,100,14.05,overcast clouds
440,Teya,RU,60.3778,92.6267,31.28,77,100,5.57,overcast clouds
441,Tripoli,LY,32.8752,13.1875,73.09,70,3,9.01,clear sky
442,Ghatanji,IN,20.1333,78.3167,75.49,80,48,6.67,scattered clouds
443,Porbandar,IN,21.6422,69.6093,80.8,73,18,4.79,few clouds
444,Mahibadhoo,MV,3.7833,72.9667,80.71,78,100,16.75,overcast clouds
445,Shaki,AZ,41.0833,47.1667,61.61,73,77,2.37,broken clouds
446,Ivdel,RU,60.6911,60.4206,41.74,94,100,6.87,overcast clouds
447,Pangnirtung,CA,66.1451,-65.7125,29.84,63,9,3.38,clear sky
448,Zwedru,LR,6.0667,-8.1281,70.61,100,99,1.36,light rain
449,Colares,PT,38.7992,-9.4469,72.34,71,0,4.0,clear sky
450,Upata,VE,8.0086,-62.3989,77.2,91,49,3.65,scattered clouds
451,Muisne,EC,0.6,-80.0333,74.8,86,98,5.88,overcast clouds
452,Buenavista,PH,8.9769,125.4089,87.21,63,100,6.87,overcast clouds
453,Puerto Colombia,CO,10.9878,-74.9547,82.49,77,74,16.6,broken clouds
454,Fallon,US,39.4735,-118.7774,69.67,21,0,6.91,clear sky
455,Sungaipenuh,ID,-2.0833,101.3833,74.8,71,93,0.74,light rain
456,Hanzhong,CN,33.0728,107.0303,59.72,83,100,3.24,overcast clouds
457,Lixourion,GR,38.2019,20.4314,69.19,74,3,8.84,clear sky
458,Cheyenne,US,41.14,-104.8203,53.74,71,0,8.05,clear sky
459,Nantucket,US,41.2835,-70.0995,55.51,75,100,19.57,overcast clouds
460,Paris,FR,48.8534,2.3488,52.11,97,0,4.61,fog
461,Yola,NG,9.2,12.4833,73.15,93,99,3.13,overcast clouds
462,Road Town,VG,18.4167,-64.6167,82.49,89,20,5.75,few clouds
463,Nandyal,IN,15.4833,78.4833,77.2,80,97,5.84,overcast clouds
464,Nong Kung Si,TH,16.65,103.3,82.81,99,96,11.01,overcast clouds
465,Zvenigorod,RU,55.7333,36.8475,59.43,94,100,16.04,light rain
466,Buchanan,LR,5.8808,-10.0467,75.45,90,98,3.76,light rain
467,Troitskoye,RU,52.9821,84.6757,29.64,81,13,7.43,few clouds
468,Ludvika,SE,60.1496,15.1878,47.77,93,99,1.32,overcast clouds
469,Russell,US,32.3502,-85.1999,70.88,60,0,9.22,clear sky
470,Santiago De Cao,PE,-7.9589,-79.2392,59.13,88,100,10.36,mist
471,Evensk,RU,61.95,159.2333,37.62,51,26,2.06,scattered clouds
472,Huilong,CN,31.8111,121.655,81.97,76,1,13.69,clear sky
473,Kuytun,RU,54.3419,101.5036,31.19,69,62,9.46,broken clouds
474,Nelson Bay,AU,-32.7167,152.15,66.25,67,43,1.99,scattered clouds
475,Tibu,CO,8.639,-72.7358,75.42,86,48,0.65,scattered clouds
476,Ermelo,ZA,-26.5333,29.9833,61.39,57,0,7.67,clear sky
477,Algiers,DZ,36.7525,3.042,62.42,82,0,2.3,clear sky
478,Skelleftea,SE,64.7507,20.9528,48.56,100,100,2.3,overcast clouds
479,Padang,ID,-0.9492,100.3543,84.25,80,99,2.82,overcast clouds
480,Levelland,US,33.5873,-102.378,65.95,35,6,10.42,clear sky
481,Ukiah,US,39.1502,-123.2078,71.65,70,0,4.61,clear sky
482,Buraydah,SA,26.326,43.975,70.25,14,0,6.24,clear sky
483,San Andres,CO,12.5847,-81.7006,77.02,100,75,0.0,broken clouds
484,Bagnes,CH,46.0833,7.2167,54.21,87,0,0.0,clear sky
485,Leh,IN,34.1667,77.5833,44.98,49,0,3.67,clear sky
486,Hobyo,SO,5.3505,48.5268,76.26,87,100,18.28,overcast clouds
487,Itarema,BR,-2.9248,-39.9167,77.52,80,6,15.97,clear sky
488,Bayir,TR,37.2687,28.2167,68.52,77,0,8.43,clear sky
489,Anderson,US,34.5334,-82.6499,63.14,76,0,8.05,clear sky
490,Wadsworth,US,41.0256,-81.7299,51.3,85,0,5.01,clear sky
491,College,US,64.8569,-147.8028,45.59,85,75,4.61,broken clouds
492,Petatlan,MX,17.5167,-101.2667,80.4,89,89,2.46,overcast clouds
493,Chenzhou,CN,25.8,113.0333,91.72,46,0,4.41,clear sky
494,Kaniv,UA,49.7518,31.46,46.58,90,100,10.47,light rain
495,Kamyshlov,RU,56.8428,62.7111,41.95,67,99,11.86,overcast clouds
496,Huzhou,CN,30.8703,120.0933,90.03,55,0,6.44,clear sky
497,Mizan Teferi,ET,6.9833,35.5833,58.96,96,34,2.17,light rain
498,Hay River,CA,60.8156,-115.7999,46.38,66,20,2.3,few clouds
499,Cap Malheureux,MU,-19.9842,57.6142,70.47,68,53,3.0,broken clouds
500,Sarangani,PH,5.4033,125.4636,83.68,72,100,13.38,overcast clouds
501,Upington,ZA,-28.4478,21.2561,57.58,30,0,3.44,clear sky
502,Bilibino,RU,68.0546,166.4372,31.89,79,99,0.6,overcast clouds
503,Kasongo-Lunda,CD,-6.4667,16.8167,68.97,97,74,0.36,broken clouds
504,Wattegama,LK,6.7989,81.4808,80.33,64,100,4.74,overcast clouds
505,San Vicente,AR,-26.6167,-54.1333,53.46,93,0,3.49,clear sky
506,Camocim,BR,-2.9022,-40.8411,77.41,77,7,15.28,clear sky
507,Naberera,TZ,-4.2,36.9333,53.85,95,95,3.76,overcast clouds
508,Doha,QA,25.2867,51.5333,82.38,78,0,6.91,clear sky
509,Necochea,AR,-38.5473,-58.7368,42.08,84,49,8.05,scattered clouds
510,Apatou,GF,5.155,-54.3472,74.05,97,99,2.59,overcast clouds
511,Apatity,RU,67.5641,33.4031,38.53,96,100,4.12,overcast clouds
512,Fort Nelson,CA,58.8053,-122.7002,49.59,50,75,3.44,broken clouds
513,Dzilam Gonzalez,MX,21.2833,-88.9333,74.75,86,74,4.79,broken clouds
514,Baculin,PH,7.4525,126.5842,84.96,69,89,2.42,light rain
515,Havre-Saint-Pierre,CA,50.2334,-63.5986,41.0,74,0,4.61,clear sky
516,Aberdeen,GB,57.1437,-2.0981,52.29,76,40,5.75,scattered clouds
517,Kovdor,RU,67.5662,30.4758,39.83,98,100,4.27,overcast clouds
518,Yumen,CN,40.2833,97.2,40.91,11,39,19.69,scattered clouds
519,Mapimi,MX,25.8167,-103.85,68.41,48,100,9.31,overcast clouds
520,Port Hedland,AU,-20.3167,118.5667,80.65,61,0,11.5,clear sky
521,Saryozek,KZ,44.3583,77.9753,48.78,26,24,2.24,few clouds
522,Sibolga,ID,1.7427,98.7792,81.05,76,99,0.16,light rain
523,Khanpur,PK,28.6453,70.6567,79.63,64,0,10.02,clear sky
524,Killarney,IE,52.05,-9.5167,52.84,88,100,5.21,overcast clouds
525,Keetmanshoop,NA,-26.5833,18.1333,64.69,27,49,3.44,scattered clouds
526,Linhares,BR,-19.3911,-40.0722,69.1,93,27,0.38,scattered clouds
527,Oyama,JP,36.3,139.8,78.58,52,95,2.62,overcast clouds
528,Flinders,AU,-34.5833,150.8552,69.19,54,22,4.0,few clouds
529,Simpang,ID,-1.2667,104.0833,84.51,65,95,2.3,overcast clouds
530,Bressuire,FR,46.9167,-0.5,59.88,91,95,4.16,overcast clouds
531,Saint-Francois,FR,46.4154,3.9054,58.44,94,100,4.61,overcast clouds
532,Homestead,US,25.4687,-80.4776,81.0,73,100,0.0,overcast clouds
533,Tezu,IN,27.9167,96.1667,82.83,68,90,1.88,overcast clouds
534,Kalaleh,IR,37.3807,55.4916,60.4,59,0,4.61,clear sky
535,Namibe,AO,-15.1961,12.1522,65.46,83,93,9.66,overcast clouds
536,Ust-Ishim,RU,57.6935,71.1665,32.77,60,98,7.9,overcast clouds
537,Ambato,EC,-1.2491,-78.6168,56.89,22,99,5.48,overcast clouds
538,Sinnamary,GF,5.3833,-52.95,78.13,90,100,7.43,overcast clouds
539,Saharsa,IN,25.8833,86.6,81.88,76,67,6.55,broken clouds
540,Birjand,IR,32.8663,59.2211,46.87,34,0,6.91,clear sky
541,Sabha,LY,27.0377,14.4283,75.45,61,0,17.27,clear sky
542,Inhambane,MZ,-23.865,35.3833,69.03,87,9,4.56,clear sky
543,Homer,US,59.6425,-151.5483,51.69,72,100,5.99,light rain
544,Colac,AU,-38.3333,143.5833,64.17,57,54,4.83,broken clouds
545,Independence,US,39.0911,-94.4155,69.89,47,0,4.61,clear sky
546,Agadez,NE,19.75,10.25,82.2,14,0,9.8,clear sky
547,Pitimbu,BR,-7.4706,-34.8086,73.99,77,3,10.4,clear sky
548,Bollnas,SE,61.3482,16.3946,45.16,90,100,2.26,overcast clouds
549,Puerto Boyaca,CO,5.9758,-74.5885,73.85,82,62,0.6,broken clouds
550,Cernat,RO,45.95,26.0333,49.66,86,90,4.61,overcast clouds
551,Matamoros,MX,25.5333,-103.25,73.51,49,75,5.75,broken clouds
552,Luanda,AO,-8.8368,13.2343,73.17,84,87,4.79,overcast clouds
553,Kimbe,PG,-5.5502,150.1429,89.44,58,29,7.65,light rain
554,Khani,GE,41.9563,42.9566,58.57,89,99,1.3,overcast clouds
555,Ruteng,ID,-8.6136,120.4721,73.35,71,38,0.56,scattered clouds
556,Flin Flon,CA,54.7682,-101.865,57.36,70,9,7.4,clear sky
557,Half Moon Bay,US,37.4636,-122.4286,67.91,74,0,12.66,clear sky
558,Port Blair,IN,11.6667,92.75,84.24,79,75,8.05,broken clouds
559,Palmer,US,42.1584,-72.3287,49.24,65,75,6.91,broken clouds
560,Mareeba,AU,-17.0,145.4333,87.44,48,95,8.7,overcast clouds
561,Naryan-Mar,RU,67.6713,53.087,35.98,93,100,6.31,overcast clouds
562,Kurumkan,RU,54.3,110.3,31.1,58,77,1.03,broken clouds
563,Mildura,AU,-34.2,142.15,76.06,35,95,10.33,overcast clouds
564,Camamu,BR,-13.9447,-39.1039,72.3,93,40,4.32,scattered clouds
565,Magalia,US,39.8121,-121.5783,73.15,57,0,2.64,clear sky
566,Matiri,TZ,-10.75,34.9,57.16,63,0,4.61,clear sky
567,Bolshaya Dzhalga,RU,45.9695,42.6966,66.97,68,100,12.21,overcast clouds
568,Kahului,US,20.8947,-156.47,80.62,86,75,17.27,light rain
569,Villa Corona,MX,20.4167,-103.6833,70.11,96,100,1.66,overcast clouds
570,Lianzhou,CN,24.7811,112.3825,89.91,55,0,3.18,clear sky
571,Berlevag,NO,70.8578,29.0864,41.0,87,100,2.3,overcast clouds
572,Kangaatsiaq,GL,68.3065,-53.4641,34.59,77,100,3.65,overcast clouds
573,Felanitx,ES,39.4696,3.1483,61.14,63,89,3.51,overcast clouds
574,Seoul,KR,37.5683,126.9778,72.97,100,100,8.05,light rain
575,Nemuro,JP,43.3236,145.575,60.46,75,100,15.48,overcast clouds
576,Dawson Creek,CA,55.7666,-120.2362,51.44,62,0,0.0,clear sky
577,Vanavara,RU,60.34,102.2797,29.52,82,100,6.71,light snow
578,Sisimiut,GL,66.9395,-53.6735,30.15,79,61,9.1,broken clouds
579,Kargasok,RU,59.0556,80.8572,29.08,74,28,5.46,scattered clouds
580,Dongsheng,CN,39.8161,109.9776,44.04,55,97,24.05,overcast clouds
581,Nouadhibou,MR,20.931,-17.0347,73.38,64,0,10.36,sand
582,Dickinson,US,29.4608,-95.0513,75.94,64,0,0.0,clear sky
583,Anloga,GH,5.7947,0.8973,76.96,87,98,7.65,overcast clouds
584,Ushibuka,JP,32.1906,130.0228,77.88,61,5,3.31,clear sky
585,Winfield,US,37.2398,-96.9956,72.37,28,0,3.44,clear sky
586,Suileng,CN,47.25,127.0833,39.61,93,100,15.93,moderate rain
587,Caohe,CN,30.2297,115.4335,96.55,38,0,7.02,clear sky
588,Wajima,JP,37.4,136.9,75.88,78,0,6.91,light rain
589,Leningradskiy,RU,69.3833,178.4167,30.22,87,100,3.87,overcast clouds
590,Veraval,IN,20.9,70.3667,79.54,77,15,5.1,few clouds
591,Emba,KZ,48.8264,58.1442,40.05,25,0,8.39,clear sky
592,Strezhevoy,RU,60.7333,77.5889,29.17,75,77,9.42,broken clouds
593,Carlagan,PH,14.975,122.0456,79.2,88,100,13.94,overcast clouds
594,Awjilah,LY,29.1081,21.2869,71.85,59,0,13.8,clear sky
595,Lavrentiya,RU,65.5833,-171.0,39.42,72,19,12.33,few clouds
596,Montepuez,MZ,-13.1256,38.9997,63.48,93,5,2.82,clear sky
597,Rey Bouba,CM,8.6724,14.1786,72.57,96,36,2.66,scattered clouds
598,Djibo,BF,14.1022,-1.6306,82.53,62,43,7.63,scattered clouds
599,Lasa,IT,46.6166,10.7002,56.28,98,84,7.94,broken clouds
600,San Juan,AR,-31.5375,-68.5364,73.67,33,0,21.0,clear sky
601,Sembe,CG,1.6481,14.5806,69.3,99,95,2.28,overcast clouds
602,Nacogdoches,US,31.6002,-94.6335,69.66,52,0,3.44,clear sky
603,Hasaki,JP,35.7333,140.8333,82.29,62,89,5.57,overcast clouds
604,Kudahuvadhoo,MV,2.6708,72.8944,82.11,73,100,15.66,overcast clouds
605,Tromso,NO,69.6496,18.957,39.38,93,100,2.3,overcast clouds
606,Mecca,SA,21.4267,39.8261,77.79,55,9,0.63,clear sky
607,Barcelos,PT,41.5388,-8.6151,64.85,53,1,5.06,clear sky
608,Bhatapara,IN,21.7333,81.9333,77.58,74,61,6.38,broken clouds
609,Pekalongan,ID,-6.8886,109.6753,85.01,68,100,4.61,overcast clouds
610,Harper,LR,4.375,-7.7169,75.63,91,100,7.52,light rain
611,Bronnoysund,NO,65.4625,12.1997,50.0,93,40,13.0,scattered clouds
612,Erdenet,MN,49.0333,104.0833,28.0,46,0,4.47,clear sky
613,Canandaigua,US,42.8742,-77.288,52.32,86,16,5.61,few clouds
614,Junagarh,IN,19.8667,82.9333,77.31,87,100,1.36,overcast clouds
615,Dunedin,NZ,-45.8742,170.5036,50.58,57,59,19.77,broken clouds
616,Biltine,TD,14.5333,20.9167,77.99,65,62,9.15,broken clouds
617,Townsville,AU,-19.25,146.8,81.48,61,75,14.97,broken clouds
618,Alghero,IT,40.5589,8.3181,69.89,94,20,5.75,few clouds
619,Tarabuco,BO,-19.1667,-64.9167,45.97,82,100,2.89,overcast clouds
620,Skaerbaek,DK,55.1573,8.769,55.29,84,3,17.9,clear sky
621,Grand Gaube,MU,-20.0064,57.6608,70.38,68,64,3.0,broken clouds
622,Amga,RU,60.8953,131.9608,30.42,57,100,9.17,overcast clouds
623,Borborema,BR,-21.6197,-49.0736,73.83,63,1,7.14,clear sky
624,Guaiuba,BR,-4.0397,-38.6372,80.04,90,15,4.54,few clouds
625,Wagar,SD,16.1525,36.2032,87.03,37,23,10.13,few clouds
626,Henties Bay,NA,-22.116,14.2845,54.9,92,1,4.7,clear sky
627,Nenjiang,CN,49.1833,125.2167,43.97,45,100,11.9,overcast clouds
628,Praia Da Vitoria,PT,38.7333,-27.0667,71.85,94,40,13.82,scattered clouds
629,Margate,GB,51.3813,1.3862,49.89,67,99,3.33,overcast clouds
630,Northam,GB,51.0333,-4.2167,49.6,94,94,5.03,overcast clouds
631,Gravelbourg,CA,49.8834,-106.5512,55.67,49,100,0.74,overcast clouds
632,Marrakesh,MA,31.6315,-8.0083,71.67,40,0,3.44,clear sky
633,San Quintin,MX,30.4833,-115.95,68.43,78,44,13.42,scattered clouds
634,Ulladulla,AU,-35.35,150.4667,62.42,57,59,8.95,broken clouds
635,Mafeteng,LS,-29.823,27.2374,59.86,16,0,3.85,clear sky
636,Roebourne,AU,-20.7833,117.1333,81.48,40,0,11.21,clear sky
637,Trelew,AR,-43.249,-65.3051,48.18,61,98,16.04,overcast clouds
638,Esna,EG,25.2934,32.554,82.11,27,0,7.76,clear sky
639,Moose Factory,CA,51.2585,-80.6094,48.2,61,75,11.5,broken clouds
640,Richards Bay,ZA,-28.783,32.0377,68.52,91,0,9.57,clear sky
641,Kaeo,NZ,-35.1,173.7833,68.32,78,69,9.57,broken clouds
642,Kot Addu,PK,30.4692,70.9671,79.48,43,0,7.16,clear sky
643,Lata,PT,40.1629,-8.3327,63.21,39,24,4.27,few clouds
644,Maryborough,AU,-25.5333,152.7,73.11,50,51,10.94,broken clouds
645,Nhulunbuy,AU,-12.2333,136.7667,88.41,66,40,10.36,scattered clouds
646,Anadyr,RU,64.75,177.4833,34.3,74,75,11.18,broken clouds
647,Mandali,IQ,33.7499,45.5541,80.19,16,0,3.91,clear sky
648,Provost,CA,52.3501,-110.2683,60.66,60,1,6.08,clear sky
649,Lerwick,GB,60.1545,-1.1494,55.4,94,45,15.37,scattered clouds
650,Altay,CN,47.8667,88.1167,38.39,24,0,4.25,clear sky
651,Ust-Kuyga,RU,70.0167,135.6,23.65,78,100,6.08,overcast clouds
652,Verkhnetulomskiy,RU,68.6073,31.7962,41.13,97,100,3.51,overcast clouds
653,Baherden,TM,38.4362,57.4316,55.8,23,1,7.31,clear sky
654,Terrell,US,32.736,-96.2753,70.92,47,0,0.0,clear sky
655,Yichun,CN,47.7,128.9,35.6,99,100,5.44,overcast clouds
656,Geraldton,AU,-28.7667,114.6,72.01,46,1,11.5,clear sky
657,Ardakan,IR,32.31,54.0175,67.01,31,6,3.11,clear sky
658,Sarakhs,IR,36.5449,61.1577,55.08,30,0,2.77,clear sky
659,Plaster Rock,CA,46.9065,-67.39,36.12,76,5,2.75,clear sky
660,North Bend,US,43.4065,-124.2243,59.92,93,100,3.44,overcast clouds
661,Chuguyevka,RU,44.1653,133.8633,61.59,77,100,3.85,overcast clouds
662,Yulara,AU,-25.2406,130.9889,80.44,34,40,19.57,scattered clouds
663,King City,US,36.2127,-121.126,73.9,60,0,8.3,clear sky
664,Kununurra,AU,-15.7667,128.7333,91.38,40,0,10.36,clear sky
665,Celestun,MX,20.8667,-90.4,78.37,75,82,8.39,broken clouds
666,Kenai,US,60.5544,-151.2583,48.29,96,100,6.91,light rain
667,Sao Jose Da Coroa Grande,BR,-8.8978,-35.1478,73.96,77,9,8.52,clear sky
668,Pudozh,RU,61.8099,36.5345,41.61,83,100,5.17,overcast clouds
669,Mitsamiouli,KM,-11.3847,43.2844,73.13,77,3,4.83,clear sky
670,Vitim,RU,59.4511,112.5578,32.31,82,100,6.96,light snow
671,Mormugao,IN,15.4,73.8,76.8,88,59,8.5,broken clouds
672,Marihatag,PH,8.7936,126.2969,82.44,78,92,3.83,moderate rain
673,Santa Margherita Ligure,IT,44.3346,9.212,67.03,84,0,1.99,clear sky
674,Mizdah,LY,31.4451,12.9801,62.62,70,0,4.14,clear sky
675,Isangel,VU,-19.55,169.2667,82.51,83,75,2.3,broken clouds
676,Malakal,SS,9.5334,31.6605,73.72,78,7,3.36,clear sky
677,Odweyne,SO,9.4092,45.064,72.27,56,39,7.18,scattered clouds
678,Ballitoville,ZA,-29.539,31.2144,69.24,88,100,4.61,mist
679,Maniitsoq,GL,65.4167,-52.9,35.35,59,71,3.18,broken clouds
680,Dharchula,IN,29.85,80.5333,70.72,56,4,4.52,clear sky
681,Soyo,AO,-6.1349,12.3689,75.34,87,44,5.39,scattered clouds
682,Gao,ML,16.6362,1.637,90.07,35,18,10.85,few clouds
683,Acarau,BR,-2.8856,-40.12,77.65,79,6,16.62,clear sky
684,Hami,CN,42.8,93.45,49.14,14,0,3.49,clear sky
685,Jian,CN,27.1172,114.9793,93.42,41,0,7.94,clear sky
686,Touros,BR,-5.1989,-35.4608,75.99,75,9,13.22,clear sky
687,Pahrump,US,36.2083,-115.9839,84.25,25,0,5.61,clear sky
688,Lewiston,US,44.1003,-70.2148,46.38,86,0,1.01,clear sky
689,Gawler,AU,-34.6,138.7333,74.14,47,100,13.02,overcast clouds
690,Hirara,JP,24.8,125.2833,87.66,74,40,11.5,scattered clouds
691,Matagami,CA,49.7502,-77.6328,28.51,86,0,4.61,clear sky
692,Umba,RU,66.6871,34.3429,41.88,93,98,6.89,overcast clouds
693,Kondinskoye,RU,59.6481,67.41,40.39,59,100,15.77,overcast clouds
694,Bogorodskoye,RU,56.55,37.8833,51.1,96,100,14.63,light rain
695,Bealanana,MG,-14.55,48.7333,52.61,91,85,4.0,overcast clouds
696,Nawa,IN,27.0167,75.0,76.44,62,0,12.17,clear sky
697,Goleta,TN,36.8181,10.305,68.0,68,20,5.75,few clouds
698,Lesnoy,RU,57.6198,63.0784,41.13,66,99,11.88,overcast clouds
699,Tooele,US,40.5308,-112.2983,63.09,54,2,2.59,clear sky
700,Miri,MY,4.4148,114.0089,82.54,78,40,5.75,light rain
701,Neka,IR,36.6508,53.299,67.19,76,0,3.18,clear sky
702,Alofi,NU,-19.0595,-169.9187,80.49,54,12,14.97,few clouds
703,Anaconda,US,46.1285,-112.9423,54.59,82,99,3.67,overcast clouds
704,Annau,TM,37.8876,58.516,49.5,40,0,2.3,clear sky
